{
    "loss": 2.171584367752075,
    "accuracy": 0.7482014298439026
}