{
    "loss": 6.283637046813965,
    "accuracy": 0.5035971403121948
}